"SYMBOL ","SERIES ","OPEN ","HIGH ","LOW ","PREV. CLOSE ","LTP ","INDICATIVE CLOSE ","CHNG ","%CHNG ","VOLUME ","VALUE  (₹ Crores)","52W H ","52W L ","30D  %CHNG ","365 D   %CHNG "
"ADISOFT","ST","237.30","237.30","226.00","226.00","236.00","-","10.00","4.42","7,55,200","17.79","237.30","205.00",0,"-"
"AMBAAUTO","ST","134.50","135.00","127.80","135.00","132.25","-","-2.25","-1.67","6,71,000","9.00","135.00","127.80",0,"-"
"KRMAYURVED","SM","237.10","263.50","237.10","243.40","253.50","-","10.10","4.15","2,96,000","7.34","263.50","156.15",28.78,"-"
"ORIANA","SM","2,043.00","2,097.95","2,022.00","2,069.05","2,022.00","-","-47.05","-2.27","27,150","5.58","3,064.00","1,286.20",14.22,"42.61"
"MONOLITH","SM","588.90","598.00","565.00","558.50","568.00","-","9.50","1.70","71,000","4.12","607.40","219.45",33.02,"-"
"AIMTRON","SM","1,112.00","1,152.00","1,101.00","1,113.95","1,116.45","-","2.50","0.22","21,600","2.43","1,239.90","477.10",29.34,"108.68"
"YAAP","ST","200.00","205.95","200.00","196.15","205.95","-","9.80","5.00","1,16,000","2.37","208.80","127.00",18.34,"-"
"FLYSBS","SM","444.80","465.00","440.60","445.00","447.05","-","2.05","0.46","47,800","2.17","790.00","355.25",12.01,"-"
"AVPINFRA","SM","91.40","91.70","89.40","93.85","89.85","-","-4.00","-4.26","2,28,000","2.05","218.00","77.00",-0.9,"-45.81"
"SHERA","SM","158.10","169.70","158.10","157.45","163.50","-","6.05","3.84","1,21,000","2.01","172.90","94.95",48.75,"7.18"
"DPEL","SM","515.70","519.00","502.00","515.70","504.00","-","-11.70","-2.27","39,000","1.99","521.90","123.00",23.95,"269.68"
"IWARE","ST","389.00","389.00","355.00","370.55","365.50","-","-5.05","-1.36","50,400","1.91","389.00","70.05",64.69,"-"
"VIESL","SM","314.95","328.45","313.00","300.30","326.00","-","25.70","8.56","58,400","1.88","328.45","127.00",19.17,"113.58"
"DANISH","SM","927.95","928.00","875.05","913.05","894.95","-","-18.10","-1.98","20,400","1.83","1,189.00","550.50",50.57,"1.82"
"ALPEXSOLAR","SM","1,095.00","1,104.90","1,085.00","1,083.75","1,087.00","-","3.25","0.30","15,100","1.65","1,449.70","660.00",25.89,"44.38"
"VMARCIND","SM","970.00","970.00","957.10","969.15","958.00","-","-11.15","-1.15","15,750","1.52","1,030.00","271.35",52.02,"280.58"
"SUNLITE","ST","499.90","499.90","470.00","488.80","482.90","-","-5.90","-1.21","30,900","1.49","583.55","112.00",32.47,"340.36"
"PRIZOR","ST","693.10","693.10","662.10","696.90","688.80","-","-8.10","-1.16","21,600","1.45","735.00","133.10",63.82,"420.07"
"BAHETI","SM","623.00","623.00","603.00","617.75","614.00","-","-3.75","-0.61","20,250","1.24","649.90","478.00",17.36,"-0.23"
"NAMOEWASTE","SM","229.10","229.10","220.60","224.75","224.05","-","-0.70","-0.31","53,600","1.20","229.90","127.00",52.27,"43.70"
"UTSSAV","SM","244.00","253.25","242.00","245.10","253.15","-","8.05","3.28","47,400","1.18","281.00","160.05",25.18,"7.76"
"PRAMARA","SM","345.00","349.80","342.15","346.65","342.50","-","-4.15","-1.20","33,000","1.14","374.80","150.25",-1.92,"123.00"
"SAAKSHI","SM","252.00","252.00","245.00","249.65","250.95","-","1.30","0.52","44,400","1.11","252.00","118.00",37.43,"74.58"
"ANLON","SM","580.05","615.50","580.05","580.20","603.00","-","22.80","3.93","16,800","1.01","615.50","335.00",56.81,"63.44"
"EFFWA","SM","270.00","282.00","270.00","269.75","273.35","-","3.60","1.33","36,000","1.00","282.00","165.00",29.81,"24.88"
"BRANDMAN","ST","194.90","203.10","194.90","193.45","203.10","-","9.65","4.99","48,800","0.97","243.80","109.35",42.61,"-"
"PARIN","SM","631.10","631.20","620.15","629.45","626.95","-","-2.50","-0.40","15,000","0.94","725.00","311.65",1.75,"72.93"
"OWAIS","SM","189.20","189.20","183.80","180.20","189.20","-","9.00","4.99","48,900","0.92","707.90","88.10",64.57,"-69.09"
"VILAS","SM","424.90","430.90","418.00","421.70","424.10","-","2.40","0.57","20,250","0.86","673.70","314.50",9.32,"22.91"
"KANDARP","SM","156.00","156.10","150.00","155.75","150.00","-","-5.75","-3.69","53,000","0.82","169.00","70.30",12.05,"65.69"
"C2C","SM","466.30","466.30","456.00","462.65","458.75","-","-3.90","-0.84","17,700","0.81","888.00","310.00",14.49,"11.62"
"AKIKO","ST","255.00","255.75","255.00","243.60","255.75","-","12.15","4.99","31,200","0.80","299.30","62.00",21.8,"220.53"
"JAYESH","SM","200.00","200.00","184.00","185.80","193.70","-","7.90","4.25","42,000","0.79","200.00","106.35",25.54,"-"
"INFLUX","SM","281.05","288.00","280.00","280.40","280.60","-","0.20","0.07","28,200","0.79","290.00","120.00",30.24,"-"
"VOLERCAR","SM","274.95","274.95","264.80","258.15","269.60","-","11.45","4.44","29,600","0.79","276.05","81.45",13.7,"146.68"
"TECHERA","SM","224.00","224.75","212.85","220.45","218.40","-","-2.05","-0.93","36,000","0.79","325.70","115.60",13.17,"80.70"
"DENTALKART","SM","423.10","435.00","420.00","430.20","422.20","-","-8.00","-1.86","17,750","0.76","690.00","322.50",15.34,"-31.57"
"GGBL","SM","347.95","348.00","330.35","349.50","335.50","-","-14.00","-4.01","21,000","0.71","555.00","215.00",39.33,"-11.50"
"MAXVOLT","SM","423.00","423.00","410.00","408.65","413.00","-","4.35","1.06","16,800","0.70","509.00","175.60",39.14,"92.53"
"UNIHEALTH","ST","472.10","476.00","458.80","482.65","469.90","-","-12.75","-2.64","15,000","0.70","529.80","133.65",22.52,"198.95"
"SSEGL","SM","388.80","402.00","388.80","388.80","392.20","-","3.40","0.87","17,600","0.70","580.00","283.00",13.93,"-21.51"
"SPEB","SM","54.95","55.00","54.95","54.75","55.00","-","0.25","0.46","1,24,000","0.68","60.00","46.55",7.14,"-"
"PATILAUTOM","SM","179.00","181.00","178.00","177.95","181.00","-","3.05","1.71","36,600","0.66","268.90","112.05",32.4,"-"
"TECHD","SM","550.00","550.00","532.60","547.00","532.60","-","-14.40","-2.63","11,700","0.64","843.60","360.00",8.31,"-"
"SAFEENTP","SM","248.30","251.90","245.05","245.05","248.05","-","3.00","1.22","25,000","0.62","319.00","151.00",18.07,"-"
"PRIMECAB","SM","115.00","117.00","110.10","113.05","110.35","-","-2.70","-2.39","52,800","0.60","124.40","70.40",45.5,"-"
"SAWALIYA","SM","280.00","280.00","274.00","274.00","278.00","-","4.00","1.46","21,600","0.60","351.00","208.00",-10.05,"-"
"DENEERS","ST","191.25","191.25","182.50","182.15","191.25","-","9.10","5.00","29,400","0.56","374.80","132.00",23.87,"-31.54"
"TAC","SM","500.00","512.00","495.40","498.10","498.10","-","-","-","11,200","0.56","899.65","352.00",3.27,"-57.45"
"VIJAYPD","ST","106.00","106.00","101.75","107.10","101.75","-","-5.35","-5.00","54,000","0.55","114.50","35.00",59.73,"-"
"GRCL","SM","466.50","466.50","466.00","444.30","466.50","-","22.20","5.00","11,750","0.55","525.25","306.65",14.81,"-1.70"
"BIOPOL","SM","116.00","120.00","113.25","115.75","114.00","-","-1.75","-1.51","46,800","0.55","123.20","84.75",24.93,"-"
"OSELDEVICE","SM","569.60","578.45","555.20","583.10","561.15","-","-21.95","-3.76","9,400","0.53","835.00","196.75",13.17,"122.26"
"ACCPL","ST","114.05","114.05","108.35","114.05","108.35","-","-5.70","-5.00","48,000","0.52","114.05","53.80",62.93,"-"
"SAHASRA","SM","288.65","293.75","286.00","292.25","289.75","-","-2.50","-0.86","17,600","0.51","373.00","188.35",32,"-25.02"
"VIVIANA","SM","840.00","865.00","829.75","849.70","836.85","-","-12.85","-1.51","5,800","0.49","1,162.50","511.25",24.91,"1.19"
"E2ERAIL","SM","261.95","262.00","254.00","260.05","254.15","-","-5.90","-2.27","18,400","0.47","347.10","171.00",41.56,"-"
"DUGLOBAL","ST","44.30","44.50","44.30","44.70","44.30","-","-0.40","-0.89","1,02,500","0.45","56.30","26.50",49,"-12.18"
"QUESTLAB","ST","140.00","140.00","136.90","144.10","136.90","-","-7.20","-5.00","32,400","0.44","152.60","75.15",37.3,"26.40"
"SUPREMEPWR","ST","277.50","277.50","277.50","264.30","277.50","-","13.20","4.99","16,000","0.44","277.50","114.30",59.36,"124.65"
"CUDML","SM","150.00","153.00","149.75","149.95","150.00","-","0.05","0.03","29,000","0.44","166.50","84.95",68.29,"-"
"ANNAPURNA","SM","159.00","165.00","159.00","156.65","160.00","-","3.35","2.14","26,750","0.43","338.00","143.20",-19.71,"-40.23"
"VIVIDEL","SM","728.95","733.00","715.00","733.85","727.00","-","-6.85","-0.93","5,520","0.40","790.00","556.00",0,"-"
"CELLECOR","SM","37.65","38.00","36.95","37.65","37.40","-","-0.25","-0.66","1,05,000","0.39","47.00","21.80",39.19,"-17.07"
"SHRIAHIMSA","SM","265.05","272.00","264.00","267.30","265.95","-","-1.35","-0.51","13,800","0.37","283.00","141.60",14.48,"74.65"
"COOLCAPS","SM","25.25","26.90","24.80","25.65","25.90","-","0.25","0.97","1,37,500","0.35","99.50","22.30",-9.2,"-96.79"
"SAHANA","SM","846.90","846.90","810.10","836.50","822.00","-","-14.50","-1.73","4,250","0.35","1,730.00","685.00",-6.77,"-34.43"
"CHANDAN","SM","248.00","251.00","246.75","249.90","250.00","-","0.10","0.04","13,600","0.34","358.00","150.30",-0.28,"35.04"
"FINBUD","SM","135.50","138.50","130.00","131.95","135.90","-","3.95","2.99","24,000","0.32","164.85","76.00",45.08,"-"
"SWARAJ","SM","290.00","290.20","289.50","290.00","289.50","-","-0.50","-0.17","11,000","0.32","318.95","158.50",5.84,"50.81"
"TRANSTEEL","SM","130.90","133.50","130.90","130.20","131.50","-","1.30","1.00","24,000","0.32","169.00","90.00",-11.13,"41.60"
"RBMINFRA","SM","405.00","410.20","402.10","403.50","403.30","-","-0.20","-0.05","7,800","0.32","524.80","267.00",27.45,"20.25"
"BLUEWATER","ST","250.50","250.50","237.50","250.00","237.50","-","-12.50","-5.00","13,000","0.31","269.70","125.40",61.29,"-"
"WOMANCART","SM","126.00","127.00","121.40","128.00","122.95","-","-5.05","-3.95","25,200","0.31","358.00","121.40",-12.12,"-57.65"
"SARTELE","SM","148.00","151.65","146.15","148.60","149.65","-","1.05","0.71","19,500","0.29","275.95","143.30",-6.8,"-41.95"
"OBSCP","SM","362.80","367.65","360.00","362.90","365.00","-","2.10","0.58","8,000","0.29","414.95","147.00",23.44,"128.67"
"PARAGON","SM","42.40","49.05","42.00","40.90","47.00","-","6.10","14.91","57,600","0.27","78.95","34.10",4.34,"-41.28"
"WHITEFORCE","ST","53.00","53.00","50.85","53.50","50.85","-","-2.65","-4.95","51,200","0.27","94.80","28.25",62.12,"-"
"MARC","ST","93.40","93.40","84.70","89.15","85.10","-","-4.05","-4.54","30,000","0.27","93.45","40.75",43.79,"-"
"DIGIKORE","SM","79.00","80.80","77.45","79.75","80.00","-","0.25","0.31","33,200","0.26","102.98","57.10",14.75,"-57.58"
"GSMFOILS","SM","202.00","203.95","201.55","202.35","202.20","-","-0.15","-0.07","13,000","0.26","255.15","126.96",11.21,"46.63"
"FRESHARA","ST","205.00","213.00","205.00","209.90","205.00","-","-4.90","-2.33","12,600","0.26","230.00","130.00",20.6,"24.20"
"GPECO","SM","378.50","378.50","362.45","378.50","364.00","-","-14.50","-3.83","6,400","0.23","616.50","264.05",20.68,"11.70"
"ATMASTCO","SM","149.00","152.00","147.50","147.40","148.10","-","0.70","0.47","15,600","0.23","268.00","98.00",5.78,"-18.65"
"SATKARTAR","ST","197.00","198.90","188.10","196.75","197.00","-","0.25","0.13","12,000","0.23","237.85","124.00",17.57,"37.11"
"SMARTEN","SM","50.25","51.00","49.15","50.35","51.00","-","0.65","1.29","45,600","0.23","157.95","42.00",3.49,"-"
"YASHOPTICS","SM","127.40","134.00","125.00","127.40","132.00","-","4.60","3.61","17,600","0.23","153.50","77.70",17.96,"57.77"
"PURPLEUTED","SM","278.90","282.00","278.00","276.30","280.05","-","3.75","1.36","8,000","0.22","587.95","198.00",2.79,"34.39"
"TCL","SM","93.05","93.05","90.05","95.30","93.00","-","-2.30","-2.41","24,000","0.22","137.00","74.05",20.79,"0.85"
"EXIMROUTES","SM","132.00","145.00","132.00","125.85","144.50","-","18.65","14.82","16,000","0.22","281.90","104.50",-11.87,"-"
"DIVINEHIRA","ST","322.00","332.00","319.00","316.75","322.00","-","5.25","1.66","6,400","0.21","332.00","43.00",17.99,"522.91"
"ABSMARINE","SM","224.00","232.95","224.00","229.55","227.85","-","-1.70","-0.74","9,000","0.21","259.00","113.10",27.63,"114.53"
"NRVANDANA","SM","57.60","57.60","55.50","53.00","57.00","-","4.00","7.55","36,000","0.21","72.90","37.05",10.3,"-"
"ANONDITA","SM","1,000.00","1,014.95","1,000.00","1,000.15","1,014.95","-","14.80","1.48","2,000","0.20","1,227.00","261.75",27.41,"-"
"BRACEPORT","SM","54.25","54.50","51.75","53.85","54.50","-","0.65","1.21","36,800","0.20","98.90","42.90",2.57,"-42.56"
"SJLOGISTIC","SM","312.15","324.85","311.00","314.75","319.50","-","4.75","1.51","6,250","0.20","570.00","225.35",3.47,"-37.77"
"AVANA","ST","138.00","139.80","138.00","138.00","139.80","-","1.80","1.30","14,000","0.19","145.35","60.10",98.7,"-"
"CKKRETAIL","ST","121.20","121.20","116.50","121.20","117.00","-","-4.20","-3.47","16,000","0.19","265.25","113.20",-6.73,"-"
"JAYBEE","ST","97.00","97.00","93.00","97.00","93.20","-","-3.80","-3.92","20,000","0.19","295.00","70.00",11.56,"-53.21"
"CGRAPHICS","SM","168.75","169.35","167.00","168.75","169.35","-","0.60","0.36","11,200","0.19","259.00","134.50",3.4,"13.98"
"KCK","SM","15.00","15.50","15.00","15.35","15.50","-","0.15","0.98","1,22,500","0.18","52.35","11.60",11.64,"-58.63"
"REMUS","SM","710.00","714.80","705.00","716.80","711.50","-","-5.30","-0.74","2,600","0.18","1,139.50","580.00",13.79,"-63.82"
"DHARIWAL","ST","36.85","36.85","35.55","36.85","36.00","-","-0.85","-2.31","51,000","0.18","48.30","10.93",-10.99,"-68.77"
"MVKAGRO","SM","501.25","507.95","500.00","509.35","501.15","-","-8.20","-1.61","3,600","0.18","819.00","68.60",-14.41,"679.42"
"MGSL","SM","78.35","79.80","76.10","78.35","78.00","-","-0.35","-0.45","22,800","0.18","120.00","62.05",10.27,"-"
"APS","SM","372.90","374.85","368.15","376.10","368.25","-","-7.85","-2.09","4,500","0.17","654.00","261.00",26.53,"-8.20"
"DHARARAIL","SM","119.00","119.00","117.00","118.25","119.00","-","0.75","0.63","14,000","0.17","157.50","90.05",12.62,"-"
"BEACON","SM","104.00","108.00","104.00","100.50","105.95","-","5.45","5.42","15,000","0.16","112.00","50.00",32.85,"37.20"
"NEOCHEM","SM","79.50","83.00","79.50","77.35","81.50","-","4.15","5.37","19,200","0.16","113.40","63.00",10.42,"-"
"PARTH","ST","348.90","359.00","348.90","345.00","355.00","-","10.00","2.90","4,400","0.16","359.00","169.00",14.24,"-"
"ACCENTMIC","SM","438.40","441.00","438.40","437.95","440.35","-","2.40","0.55","3,500","0.15","455.00","179.25",15.07,"112.91"
"OLIL","SM","427.00","428.00","425.00","426.75","425.00","-","-1.75","-0.41","3,600","0.15","436.70","159.00",38.67,"151.18"
"APSISAERO","ST","243.00","252.00","243.00","243.00","252.00","-","9.00","3.70","6,000","0.15","265.40","147.20",40.91,"-"
"DHANLAXMI","SM","31.05","32.00","30.00","32.00","32.00","-","-","-","48,000","0.15","60.50","20.05",29.29,"-41.07"
"ARHAM","SM","146.95","146.95","144.10","145.00","144.10","-","-0.90","-0.62","10,000","0.15","161.00","70.80",11.07,"72.41"
"SACHEEROME","SM","355.00","355.00","340.00","347.35","340.00","-","-7.35","-2.12","4,200","0.15","430.65","140.50",8.75,"-"
"PRESSTONIC","ST","44.30","44.30","41.85","44.05","41.85","-","-2.20","-4.99","33,600","0.14","121.19","28.20",46.83,"-59.55"
"SUBAHOTELS","SM","148.00","148.00","144.60","148.85","144.60","-","-4.25","-2.86","9,600","0.14","200.00","97.65",34.83,"-"
"DCG","SM","75.50","76.00","72.30","74.95","72.30","-","-2.65","-3.54","18,000","0.14","80.40","47.00",34.08,"-2.35"
"ARISTO","SM","115.20","122.00","115.20","120.00","120.00","-","-","-","11,200","0.13","143.55","74.30",46.79,"-9.09"
"BASILIC","SM","240.45","244.00","231.35","238.00","236.00","-","-2.00","-0.84","5,400","0.13","509.80","166.25",22.27,"-38.72"
"JAINIK","SM","150.50","150.50","145.55","145.85","146.00","-","0.15","0.10","8,400","0.12","153.10","60.60",36.12,"-"
"IEML","SM","76.60","76.90","75.05","77.10","76.30","-","-0.80","-1.04","16,000","0.12","173.57","58.45",4.12,"-39.51"
"HIGREEN","SM","138.05","138.05","135.90","137.55","135.90","-","-1.65","-1.20","8,800","0.12","265.70","101.20",19.61,"-35.57"
"PHANTOMFX","SM","205.20","207.35","204.55","205.15","207.35","-","2.20","1.07","5,700","0.12","327.95","156.00",20.01,"-10.40"
"VINYAS","SM","1,166.00","1,169.00","1,156.00","1,180.30","1,169.00","-","-11.30","-0.96","1,000","0.12","1,440.00","766.00",41.81,"53.20"
"TECHLABS","SM","237.95","237.95","237.95","226.65","237.95","-","11.30","4.99","4,875","0.12","660.00","158.85",29.48,"-62.35"
"SYSTANGO","SM","286.15","292.65","286.00","293.15","286.00","-","-7.15","-2.44","4,000","0.12","411.00","203.00",15.37,"36.03"
"CHAVDA","SM","105.00","105.40","103.05","106.30","105.00","-","-1.30","-1.22","11,000","0.11","156.95","80.60",16.37,"-22.10"
"ALLETEC","SM","163.00","168.90","163.00","172.55","167.00","-","-5.55","-3.22","6,800","0.11","475.50","115.80",3.95,"-47.90"
"PROPEQUITY","SM","208.00","209.00","208.00","209.00","209.00","-","-","-","5,400","0.11","230.00","145.00",22.94,"-3.24"
"FIDEL","SM","188.50","189.70","184.50","188.15","186.70","-","-1.45","-0.77","6,000","0.11","234.00","108.10",50.52,"33.91"
"PURVFLEXI","ST","66.00","66.00","65.80","65.85","65.80","-","-0.05","-0.08","16,800","0.11","124.95","37.00",58.87,"-27.08"
"DRONE","ST","51.45","51.50","48.00","50.50","48.00","-","-2.50","-4.95","22,500","0.11","134.50","36.00",14.12,"-63.42"
"RULKA","SM","110.00","115.00","110.00","109.55","112.00","-","2.45","2.24","9,600","0.11","181.75","72.95",42.18,"-42.22"
"VGINFOTECH","SM","153.00","153.00","150.00","152.00","150.00","-","-2.00","-1.32","7,000","0.11","208.00","99.50",18.66,"-"
"SPRL","SM","94.00","94.00","94.00","98.90","94.00","-","-4.90","-4.95","11,200","0.11","199.40","94.00",-14.67,"-13.05"
"GOYALSALT","SM","124.00","124.00","124.00","122.00","124.00","-","2.00","1.64","8,400","0.10","200.00","97.00",8.01,"-30.68"
"MOBILISE","ST","90.00","92.90","90.00","88.50","92.90","-","4.40","4.97","11,200","0.10","102.00","45.00",61.35,"-"
"INVICTA","ST","92.20","92.20","90.20","94.90","90.20","-","-4.70","-4.95","11,200","0.10","105.00","58.10",33.66,"-"
"KDL","SM","160.10","164.85","160.00","160.10","160.00","-","-0.10","-0.06","6,300","0.10","374.90","100.85",43.65,"-47.58"
"VILINBIO","ST","40.75","42.75","40.75","40.75","42.75","-","2.00","4.91","24,000","0.10","42.75","18.95",8.96,"45.54"
"GCHOTELS","SM","98.95","100.00","96.30","97.50","97.60","-","0.10","0.10","10,200","0.10","255.00","76.50",9.37,"-40.22"
"RNPL","SM","137.00","137.85","136.90","136.15","137.45","-","1.30","0.95","7,200","0.10","158.00","69.00",1.23,"-"
"MHHL","SM","41.00","45.90","41.00","42.70","44.00","-","1.30","3.04","22,500","0.10","66.00","33.10",11.05,"-30.57"
"BEWLTD","SM","84.35","85.80","82.00","83.80","82.00","-","-1.80","-2.15","11,500","0.10","211.25","65.00",11.36,"-57.39"
"SSFL","SM","101.20","101.90","99.55","99.70","99.55","-","-0.15","-0.15","9,500","0.10","216.00","86.00",-9.69,"-48.83"
"POSITRON","ST","181.00","199.55","181.00","190.10","193.25","-","3.15","1.66","4,800","0.09","419.05","105.90",44.51,"-49.99"
"RAJINDLTD","SM","76.00","76.75","76.00","77.30","76.10","-","-1.20","-1.55","12,000","0.09","101.90","60.00",18.2,"0.39"
"SAIFL","SM","8.10","8.25","8.05","8.25","8.25","-","-","-","1,08,000","0.09","32.75","7.70",-8.84,"-83.93"
"KCEIL","ST","123.30","127.55","123.00","123.30","123.00","-","-0.30","-0.24","7,000","0.09","388.05","90.85",17.93,"-36.77"
"APEXECO","SM","133.55","133.55","132.00","137.30","132.00","-","-5.30","-3.86","6,400","0.09","165.60","93.05",23.86,"31.45"
"URBAN","SM","153.00","154.00","148.50","149.35","152.00","-","2.65","1.77","5,600","0.09","197.45","114.00",4.44,"-15.05"
"HOACFOODS","SM","449.00","455.00","449.00","449.00","455.00","-","6.00","1.34","1,875","0.09","463.00","140.10",15.13,"213.99"
"CSSL","SM","103.00","104.10","103.00","100.50","104.10","-","3.60","3.58","8,000","0.08","164.00","95.00",-2.43,"-"
"INFOLLION","SM","229.35","230.75","226.10","229.35","230.70","-","1.35","0.59","3,200","0.07","551.00","207.25",-28.22,"-51.75"
"ZTECH","SM","605.00","605.00","605.00","608.80","605.00","-","-3.80","-0.62","1,200","0.07","701.00","460.00",16.19,"-1.60"
"CHETANA","SM","40.00","40.95","39.50","38.50","39.50","-","1.00","2.60","17,600","0.07","129.00","30.10",13.24,"-65.91"
"SHYAMDHANI","SM","70.00","71.20","70.00","71.75","71.00","-","-0.75","-1.05","10,000","0.07","139.65","47.00",28.13,"-"
"LAKSHYA","ST","146.00","149.00","140.10","146.00","149.00","-","3.00","2.05","4,800","0.07","201.90","73.15",75.06,"-20.33"
"DURLAX","ST","50.45","50.45","49.50","50.00","49.50","-","-0.50","-1.00","14,000","0.07","54.00","28.03",11.23,"6.61"
"TUNWAL","SM","31.35","31.65","31.30","31.70","31.35","-","-0.35","-1.10","22,000","0.07","49.80","27.05",7.82,"3.59"
"INNOMET","SM","99.25","104.00","99.00","100.35","104.00","-","3.65","3.64","6,600","0.07","216.00","63.15",24.2,"-25.67"
"ARUNAYA","SM","18.15","18.20","18.15","18.25","18.20","-","-0.05","-0.27","36,000","0.07","46.50","13.90",16.99,"-"
"MOS","SM","12.90","12.90","12.35","12.90","12.55","-","-0.35","-2.71","52,000","0.07","30.10","9.05",21.13,"-95.40"
"FELIX","SM","213.50","217.50","212.50","216.00","217.50","-","1.50","0.69","3,000","0.06","232.95","142.65",25.36,"32.96"
"CONNPLEX","SM","268.00","268.00","268.00","271.35","268.00","-","-3.35","-1.23","2,400","0.06","293.00","177.00",12.01,"-"
"COMMITTED","SM","267.05","267.55","266.00","282.00","266.00","-","-16.00","-5.67","2,400","0.06","290.00","174.25",16.5,"33.46"
"RAPPID","SM","263.00","265.00","263.00","262.60","265.00","-","2.40","0.91","2,400","0.06","384.90","224.00",5.48,"-0.87"
"HPTL","SM","263.00","263.00","262.95","250.50","263.00","-","12.50","4.99","2,400","0.06","327.40","102.05",-6.53,"112.29"
"RADIOWALLA","SM","34.20","37.75","34.20","36.00","37.75","-","1.75","4.86","17,600","0.06","80.00","22.20",47.54,"-50.99"
"AKANKSHA","SM","104.00","105.50","103.00","103.45","104.95","-","1.50","1.45","6,000","0.06","133.75","57.00",66.59,"14.94"
"SAHAJSOLAR","SM","155.40","156.95","153.65","156.35","156.50","-","0.15","0.10","4,000","0.06","281.00","91.00",39.23,"-38.04"
"ARCIIL","ST","69.20","69.20","68.40","72.00","68.45","-","-3.55","-4.93","9,000","0.06","145.00","38.60",74.97,"-"
"TIMESCAN","SM","43.45","44.10","43.45","42.00","44.10","-","2.10","5.00","14,000","0.06","69.65","39.00",1.2,"-3.23"
"BALAJIPHOS","SM","99.50","99.50","99.20","100.35","99.20","-","-1.15","-1.15","6,000","0.06","184.70","97.20",-7.08,"-27.62"
"MANILAM","SM","60.00","60.00","59.10","61.10","59.10","-","-2.00","-3.27","10,000","0.06","62.00","49.85",6.72,"-"
"ESPRIT","SM","74.50","75.50","73.10","73.15","73.10","-","-0.05","-0.07","8,000","0.06","126.95","52.00",27.22,"-31.02"
"CMNL","SM","129.20","130.25","129.20","129.20","130.00","-","0.80","0.62","4,500","0.06","183.90","90.00",34.58,"-22.17"
"AGARWALTUF","SM","116.75","117.00","116.00","116.65","116.00","-","-0.65","-0.56","4,800","0.06","174.05","81.00",40.2,"-5.74"
"KORE","SM","139.45","139.80","139.45","133.15","139.70","-","6.55","4.92","4,000","0.06","212.30","85.00",47.45,"-25.84"
"DUCOL","SM","116.30","116.30","114.00","119.05","114.00","-","-5.05","-4.24","4,800","0.06","209.50","90.00",19.17,"-6.19"
"GURUNANAK","SM","42.50","42.60","42.50","40.60","42.60","-","2.00","4.93","12,800","0.05","60.00","22.45",54.37,"-"
"NIRMAN","ST","52.95","52.95","50.55","53.00","52.70","-","-0.30","-0.57","10,500","0.05","266.85","38.65",24.41,"-79.22"
"ALUWIND","SM","52.00","52.00","50.75","53.00","51.20","-","-1.80","-3.40","10,500","0.05","95.80","50.55",-1.67,"-5.27"
"ENCOMPAS","SM","254.00","256.90","252.00","254.95","256.90","-","1.95","0.76","2,000","0.05","302.90","167.35",-3.15,"-"
"AVATAR","SM","121.25","121.25","121.25","115.50","121.25","-","5.75","4.98","4,000","0.05","121.25","33.90",0,"-"
"SPCL","SM","80.65","81.30","80.05","83.75","80.90","-","-2.85","-3.40","6,000","0.05","139.20","59.00",26.32,"-30.44"
"MASON","SM","138.45","138.45","134.00","136.30","134.00","-","-2.30","-1.69","3,500","0.05","220.00","95.20",-4.79,"32.01"
"EEPL","SM","113.00","115.80","113.00","113.00","115.35","-","2.35","2.08","4,000","0.05","267.90","98.00",-0.7,"-"
"EMAPARTNER","SM","91.50","91.50","91.25","91.00","91.25","-","0.25","0.27","5,000","0.05","124.80","65.25",29.08,"-26.17"
"GOLDKART","SM","182.00","182.00","181.50","191.00","181.50","-","-9.50","-4.97","2,500","0.05","285.00","181.50",-22.04,"-7.53"
"GREENLEAF","SM","76.00","76.00","74.25","77.55","74.25","-","-3.30","-4.26","6,000","0.05","185.90","52.50",33.02,"-"
"SILKY","SM","137.60","137.60","135.00","135.00","135.00","-","-","-","3,200","0.04","171.00","103.00",-3.57,"-"
"AAKAAR","ST","54.50","54.50","53.00","54.50","54.00","-","-0.50","-0.92","8,000","0.04","105.00","46.00",2.83,"-"
"ADDICTIVE","SM","85.75","86.00","85.50","90.00","85.50","-","-4.50","-5.00","5,000","0.04","176.15","57.65",52.8,"-"
"INFINIUM","SM","216.50","216.50","209.00","211.00","209.00","-","-2.00","-0.95","2,000","0.04","337.00","189.40",2.43,"-30.59"
"SPECTSTM","ST","58.50","59.30","58.50","58.65","58.50","-","-0.15","-0.26","7,200","0.04","138.50","50.75",1.12,"-54.57"
"HRHNEXT","SM","30.90","32.00","30.90","32.50","30.90","-","-1.60","-4.92","13,500","0.04","63.15","21.00",31.31,"-39.87"
"STUDIOLSD","ST","11.90","11.90","11.40","11.95","11.40","-","-0.55","-4.60","36,000","0.04","43.20","7.15",35.03,"-"
"CHAMUNDA","SM","46.00","46.00","45.40","49.10","45.40","-","-3.70","-7.54","9,000","0.04","59.00","38.50",16.21,"4.36"
"SILKFLEX","ST","205.00","205.00","205.00","215.75","205.00","-","-10.75","-4.98","2,000","0.04","229.70","67.10",89.34,"208.21"
"ARVINDPORT","ST","34.10","34.10","34.10","34.10","34.10","-","-","-","12,000","0.04","87.40","27.45",13.29,"-41.11"
"SADHAV","SM","113.00","114.00","113.00","114.30","114.00","-","-0.30","-0.26","3,600","0.04","131.90","83.55",3.91,"23.70"
"RICHA","SM","80.40","80.90","78.80","78.00","78.80","-","0.80","1.03","5,000","0.04","92.60","50.00",20.18,"3.17"
"NIKITA","SM","109.00","109.55","108.50","109.95","109.55","-","-0.40","-0.36","3,600","0.04","156.00","77.15",-0.05,"-"
"PRATHAM","SM","131.50","142.95","131.50","138.25","142.00","-","3.75","2.71","2,800","0.04","196.00","102.55",20.22,"-26.21"
"SDREAMS","SM","97.80","97.80","96.00","101.20","96.00","-","-5.20","-5.14","4,000","0.04","147.00","66.05",29.91,"-6.81"
"TBI","SM","70.50","70.50","68.25","69.00","68.25","-","-0.75","-1.09","5,400","0.04","137.80","55.00",10.31,"-20.83"
"SNEHAA","ST","47.00","47.05","45.50","44.85","47.05","-","2.20","4.91","8,000","0.04","122.00","35.50",5.78,"-"
"MAITREYA","SM","174.00","187.85","174.00","189.00","180.00","-","-9.00","-4.76","2,000","0.04","300.50","152.70",2.75,"-37.31"
"DYNAMIC","SM","143.00","143.95","143.00","143.05","143.95","-","0.90","0.63","2,500","0.04","181.50","84.70",50.66,"-5.86"
"MACOBSTECH","SM","220.00","220.00","220.00","228.00","220.00","-","-8.00","-3.51","1,600","0.04","246.95","160.00",11.36,"38.10"
"MCON","SM","57.95","58.80","57.95","56.05","58.70","-","2.65","4.73","6,000","0.04","156.70","37.80",34.9,"-57.16"
"GANESHIN","ST","86.75","86.75","86.00","87.05","86.00","-","-1.05","-1.21","4,000","0.03","279.80","66.40",17.79,"-55.43"
"SAJHOTELS","SM","42.85","43.95","42.80","42.80","43.95","-","1.15","2.69","8,000","0.03","80.25","34.10",8.49,"-38.99"
"ONDOOR","ST","161.70","165.85","161.70","158.70","165.85","-","7.15","4.51","2,100","0.03","209.20","100.00",22.12,"-4.83"
"RNFI","SM","284.20","284.20","284.20","284.20","284.20","-","-","-","1,200","0.03","404.00","214.20",9.12,"6.60"
"APRAMEYA","SM","228.00","229.50","224.10","225.75","229.50","-","3.75","1.66","1,500","0.03","360.00","117.00",6.89,"98.46"
"VICTORYEV","SM","16.05","16.25","16.00","16.00","16.00","-","-","-","21,000","0.03","34.45","13.70",14.29,"-"
"LAMOSAIC","SM","26.00","26.00","25.00","25.80","25.00","-","-0.80","-3.10","13,200","0.03","47.85","20.45",8.86,"-38.64"
"SAVY","SM","132.20","132.20","132.10","135.00","132.10","-","-2.90","-2.15","2,400","0.03","191.00","115.50",-2.91,"-"
"BLUEPEBBLE","ST","125.00","125.00","124.00","124.40","125.00","-","0.60","0.48","2,400","0.03","218.00","88.00",-0.72,"-40.54"
"CANARYS","SM","18.50","18.50","18.40","18.30","18.40","-","0.10","0.55","16,000","0.03","36.90","14.60",-8.04,"-37.44"
"SEL","ST","205.00","205.00","205.00","196.25","205.00","-","8.75","4.46","1,400","0.03","337.10","115.25",24.21,"-38.09"
"READYMIX","SM","91.00","91.00","88.00","91.40","88.00","-","-3.40","-3.72","3,000","0.03","175.00","73.00",6.84,"12.22"
"SONUINFRA","SM","57.00","61.00","57.00","60.00","61.00","-","1.00","1.67","4,500","0.03","145.00","38.00",48.15,"-43.87"
"KRISHCA","SM","179.80","179.80","178.10","179.80","178.10","-","-1.70","-0.95","1,500","0.03","300.00","138.00",19.47,"-14.79"
"MYMUDRA","SM","74.00","74.30","73.40","74.60","74.30","-","-0.30","-0.40","3,600","0.03","119.10","60.00",-0.53,"9.54"
"HOMESFY","SM","126.15","126.25","126.15","132.75","126.15","-","-6.60","-4.97","2,100","0.03","399.85","118.80",7.93,"-66.39"
"PUSHPA","SM","128.65","128.70","128.65","128.70","128.70","-","-","-","2,000","0.03","148.75","81.15",4.38,"-"
"TROM","SM","70.00","71.50","68.50","70.00","71.50","-","1.50","2.14","3,600","0.03","193.10","42.90",40,"-58.49"
"SHIVASHRIT","SM","123.95","123.95","123.95","124.00","123.95","-","-0.05","-0.04","2,000","0.02","148.50","96.00",18.1,"-"
"BARFLEX","SM","60.00","60.00","59.00","59.30","59.00","-","-0.30","-0.51","4,000","0.02","82.40","53.00",0.34,"-2.71"
"LRRPL","SM","80.30","80.30","78.00","80.30","78.00","-","-2.30","-2.86","3,000","0.02","99.50","59.00",13.1,"27.16"
"MARUSHIKA","SM","97.00","97.00","97.00","94.00","97.00","-","3.00","3.19","2,400","0.02","123.00","87.00",-3.09,"-"
"PHOGLOBAL","SM","18.50","19.60","18.50","19.60","19.40","-","-0.20","-1.02","12,000","0.02","29.10","15.25",19.88,"-15.33"
"PCCL","SM","285.00","285.00","285.00","290.90","285.00","-","-5.90","-2.03","800","0.02","293.90","150.00",15.9,"69.82"
"SIDDHIKA","SM","229.00","229.00","226.80","225.00","226.80","-","1.80","0.80","1,000","0.02","243.00","175.00",7.14,"28.50"
"AVIANSH","SM","112.50","113.00","112.50","112.00","113.00","-","1.00","0.89","2,000","0.02","123.50","95.00",0.45,"9.80"
"ITALIANE","ST","37.10","37.10","37.10","37.10","37.10","-","-","-","6,000","0.02","49.00","24.05",-0.67,"14.15"
"RILINFRA","SM","33.65","33.65","33.00","33.55","33.30","-","-0.25","-0.75","6,700","0.02","53.90","27.60",-6.28,"0.15"
"KKJEWELS","SM","113.75","113.75","108.10","108.00","108.10","-","0.10","0.09","2,000","0.02","161.90","72.10",21.08,"-34.64"
"GANGABATH","ST","24.30","24.75","24.30","23.65","24.75","-","1.10","4.65","9,000","0.02","59.00","15.50",19.44,"-"
"IDENTICAL","ST","18.60","18.60","18.05","18.10","18.10","-","-","-","12,000","0.02","56.00","14.10",-4.49,"-62.80"
"AGNI","SM","21.25","22.00","21.25","22.05","22.00","-","-0.05","-0.23","10,000","0.02","43.35","13.60",33.64,"-10.55"
"K2INFRA","SM","50.15","52.50","50.15","52.85","52.50","-","-0.35","-0.66","4,200","0.02","90.90","40.80",13.05,"-32.76"
"FWSTC","SM","179.00","179.00","179.00","180.00","179.00","-","-1.00","-0.56","1,200","0.02","248.00","145.00",-6.25,"-"
"TAURIAN","SM","264.00","264.00","264.00","263.95","264.00","-","0.05","0.02","800","0.02","425.00","192.00",21.64,"-"
"ONYX","SM","35.05","35.05","34.70","35.05","34.70","-","-0.35","-1.00","6,000","0.02","56.00","28.10",6.21,"-36.85"
"MADHAVBAUG","SM","259.90","260.00","259.90","252.00","260.00","-","8.00","3.17","800","0.02","335.00","128.00",31.94,"92.37"
"HOLMARC","SM","92.30","92.30","92.20","97.05","92.20","-","-4.85","-5.00","2,250","0.02","176.95","60.05",46.6,"-27.57"
"VSCL","SM","22.95","22.95","22.95","24.15","22.95","-","-1.20","-4.97","9,000","0.02","35.15","16.05",5,"-12.18"
"ROCKINGDCE","SM","209.90","209.90","204.00","205.25","204.00","-","-1.25","-0.61","1,000","0.02","283.85","123.90",62.25,"-17.60"
"CURRENT","SM","128.00","128.00","128.00","122.30","128.00","-","5.70","4.66","1,600","0.02","163.00","106.05",-10.07,"-"
"BAWEJA","SM","35.40","36.45","34.15","34.30","36.45","-","2.15","6.27","5,600","0.02","75.70","21.10",44.12,"-29.13"
"AERON","SM","98.05","98.15","98.05","99.45","98.15","-","-1.30","-1.31","2,000","0.02","150.00","70.00",18.04,"-23.91"
"VLINFRA","ST","32.10","32.10","32.00","33.35","32.00","-","-1.35","-4.05","6,000","0.02","53.00","18.00",58.81,"-33.30"
"MAGSON","ST","182.00","182.00","182.00","179.00","182.00","-","3.00","1.68","1,000","0.02","199.50","100.50",18.03,"35.55"
"RBS","ST","108.00","108.25","108.00","106.45","108.25","-","1.80","1.69","1,600","0.02","143.00","58.80",47.85,"2.95"
"FORCAS","SM","103.00","103.00","103.00","101.30","103.00","-","1.70","1.68","1,600","0.02","140.00","81.05",-1.65,"0.35"
"MASTER","SM","323.00","323.00","323.00","323.00","323.00","-","-","-","500","0.02","436.00","282.50",5.9,"-1.48"
"ESCONET","ST","135.00","135.00","133.30","135.00","134.00","-","-1.00","-0.74","1,200","0.02","280.00","91.25",36.09,"-18.80"
"SLONE","SM","201.25","201.25","201.00","208.25","201.00","-","-7.25","-3.48","800","0.02","371.45","161.00",22.43,"-22.48"
"ASHWINI","SM","159.00","159.00","159.00","157.05","159.00","-","1.95","1.24","1,000","0.02","167.80","120.00",10.09,"-"
"WTICAB","SM","106.00","106.00","105.65","106.10","105.65","-","-0.45","-0.42","1,500","0.02","204.00","75.15",10.46,"-24.75"
"PSRAJ","SM","315.00","315.00","315.00","312.00","315.00","-","3.00","0.96","500","0.02","318.10","127.00",28.9,"122.86"
"RTL","ST","77.90","77.90","77.90","81.95","77.90","-","-4.05","-4.94","2,000","0.02","100.90","54.00",-4.49,"-"
"ATCENERGY","ST","32.00","32.00","32.00","32.00","32.00","-","-","-","4,800","0.02","108.95","19.35",11.89,"-69.01"
"NEWJAISA","ST","24.95","25.20","24.95","25.00","25.20","-","0.20","0.80","6,000","0.02","52.20","15.15",32.98,"-40.19"
"TANKUP","SM","600.00","600.00","600.00","600.00","600.00","-","-","-","250","0.01","817.60","152.55",36.43,"243.64"
"SPCON","SM","125.00","125.00","125.00","126.80","125.00","-","-1.80","-1.42","1,200","0.01","169.00","99.00",3.09,"-"
"DELAPLEX","SM","115.00","119.00","115.00","113.10","119.00","-","5.90","5.22","1,200","0.01","194.85","81.15",22.34,"-35.67"
"TSC","SM","34.55","34.70","34.55","36.95","34.70","-","-2.25","-6.09","4,000","0.01","79.30","27.50",24.41,"-"
"IBLFL","SM","65.10","65.10","65.10","65.10","65.10","-","-","-","2,000","0.01","74.00","43.95",33.4,"18.36"
"IPHL","SM","55.20","55.20","53.10","53.25","53.10","-","-0.15","-0.28","2,400","0.01","78.25","46.10",2.7,"2.21"
"OPTIVALUE","SM","80.00","80.00","80.00","81.00","80.00","-","-1.00","-1.23","1,600","0.01","107.55","56.05",16.3,"-"
"SHEETAL","SM","254.60","254.60","254.60","254.40","254.60","-","0.20","0.08","500","0.01","264.95","103.90",6.94,"139.55"
"SOTAC","SM","106.00","106.00","106.00","111.15","106.00","-","-5.15","-4.63","1,200","0.01","152.35","100.00",2.92,"-11.04"
"SUNTECH","SM","39.60","39.60","39.60","39.60","39.60","-","-","-","3,200","0.01","110.00","30.00",13.14,"-"
"CURIS","SM","125.00","125.00","125.00","120.00","125.00","-","5.00","4.17","1,000","0.01","147.90","83.60",33.41,"-"
"SHETHJI","SM","123.60","123.60","123.60","125.25","123.60","-","-1.65","-1.32","1,000","0.01","136.00","95.50",-0.36,"-"
"ENVIRO","SM","117.85","117.85","117.85","114.00","117.85","-","3.85","3.38","1,000","0.01","173.00","82.00",18.75,"5.07"
"SRIVASAVI","SM","57.95","58.00","57.95","56.00","58.00","-","2.00","3.57","2,000","0.01","79.00","39.00",21.74,"-8.94"
"MAXPOSURE","SM","39.00","39.00","37.20","39.50","38.40","-","-1.10","-2.78","3,000","0.01","74.00","32.00",13.02,"-31.42"
"ENFUSE","SM","191.00","191.00","191.00","191.00","191.00","-","-","-","600","0.01","284.00","150.00",6.14,"-13.38"
"JFLLIFE","SM","9.35","9.35","9.35","8.95","9.35","-","0.40","4.47","12,000","0.01","21.14","8.55",4.68,"-52.27"
"ECOLINE","SM","111.00","111.00","111.00","118.00","111.00","-","-7.00","-5.93","1,000","0.01","143.90","111.00",-2.44,"-"
"MEGATHERM","SM","276.05","276.05","276.05","283.75","276.05","-","-7.70","-2.71","400","0.01","380.00","170.00",39.47,"-4.28"
"ASPIRE","SM","18.05","18.05","17.95","17.20","17.95","-","0.75","4.36","6,000","0.01","40.00","10.20",53.57,"-55.78"
"SATECH","ST","52.70","52.70","52.70","50.50","52.70","-","2.20","4.36","2,000","0.01","74.05","31.80",33.6,"-15.69"
"CADSYS","ST","64.30","70.00","64.30","67.40","69.00","-","1.60","2.37","1,500","0.01","97.70","35.60",48.62,"-31.22"
"AISL","SM","54.35","57.45","54.35","56.95","57.45","-","0.50","0.88","1,800","0.01","117.25","54.15",5.17,"-41.89"
"USHAFIN","SM","30.40","32.45","30.40","31.80","32.45","-","0.65","2.04","3,200","0.01","53.83","26.75",-0.16,"-44.21"
"QVCEL","SM","28.85","30.60","28.85","30.35","30.60","-","0.25","0.82","3,200","0.01","37.00","21.80",33.11,"8.78"
"EFACTOR","SM","236.00","236.00","236.00","225.00","236.00","-","11.00","4.89","400","0.01","348.00","160.10",15.38,"31.20"
"EFORCE","ST","26.60","26.60","25.40","26.60","25.40","-","-1.20","-4.51","3,600","0.01","54.50","16.15",26.67,"-29.63"
"MDL","SM","47.00","47.00","46.70","48.00","46.70","-","-1.30","-2.71","2,000","0.01","105.00","43.00",-11.19,"-51.49"
"MIEL","SM","14.55","15.90","14.55","15.20","15.90","-","0.70","4.61","6,000","0.01","35.00","10.70",34.51,"-47.04"
"ARMOUR","SM","23.15","23.15","23.10","24.00","23.10","-","-0.90","-3.75","4,000","0.01","45.60","18.00",23.08,"-"
"NAMAN","SM","56.60","57.30","56.60","57.30","57.30","-","-","-","1,600","0.01","119.95","42.05",26.21,"-16.90"
"KONTOR","SM","74.95","75.80","74.95","68.95","75.80","-","6.85","9.93","1,200","0.01","91.80","53.25",19.39,"-6.76"
"PELATRO","SM","301.00","301.00","301.00","301.00","301.00","-","-","-","300","0.01","461.00","270.00",3.08,"-16.82"
"JYOTIGLOBL","ST","44.60","44.60","44.60","44.60","44.60","-","-","-","2,000","0.01","77.75","27.05",30.41,"-"
"MUNISH","SM","73.95","73.95","73.95","73.30","73.95","-","0.65","0.89","1,200","0.01","143.00","50.20",11.06,"-"
"VIGOR","SM","55.25","55.25","55.25","54.50","55.25","-","0.75","1.38","1,600","0.01","98.00","44.75",15.22,"-"
"ACCORD","ST","43.70","43.70","43.70","45.95","43.70","-","-2.25","-4.90","2,000","0.01","50.60","19.20",68.32,"138.70"
"DELTIC","ST","43.50","43.50","43.50","42.95","43.50","-","0.55","1.28","2,000","0.01","83.95","28.05",34.43,"-41.60"
"CONTI","SM","12.85","12.85","12.85","13.40","12.85","-","-0.55","-4.10","6,666","0.01","31.95","12.40",2.68,"-45.86"
"DCCL","SM","41.90","41.90","41.90","40.95","41.90","-","0.95","2.32","2,000","0.01","66.00","33.00",17,"-"
"RITEZONE","ST","24.90","26.00","24.90","25.00","26.00","-","1.00","4.00","3,200","0.01","36.55","13.80",81.16,"4.82"
"ANYA","SM","16.20","16.20","16.20","17.50","16.20","-","-1.30","-7.43","5,000","0.01","29.05","15.70",-4.37,"-23.41"
"GML","SM","20.25","20.25","19.00","20.25","19.00","-","-1.25","-6.17","4,000","0.01","54.00","15.15",17.39,"-"
"VINSYS","SM","310.00","310.00","310.00","304.70","310.00","-","5.30","1.74","250","0.01","475.00","215.00",21.88,"-22.74"
"MPEL","SM","45.00","45.00","45.00","45.40","45.00","-","-0.40","-0.88","1,600","0.01","153.90","42.00",-0.33,"-"
"VISHWAS","SM","42.90","42.90","42.90","41.00","42.90","-","1.90","4.63","1,600","0.01","63.45","32.05",15.49,"-30.51"
"MEDISTEP","ST","22.00","22.00","22.00","22.00","22.00","-","-","-","3,000","0.01","53.00","16.50",27.91,"-"
"SHREEKARNI","SM","435.80","435.80","435.80","435.80","435.80","-","-","-","150","0.01","712.00","329.95",15.14,"-19.11"
"NEPHROCARE","SM","80.50","81.95","80.50","81.50","81.95","-","0.45","0.55","800","0.01","183.00","50.05",39.91,"-43.01"
"KATARIA","SM","107.95","107.95","107.95","106.15","107.95","-","1.80","1.70","600","0.01","129.00","85.50",10.57,"-3.89"
"CRAYONS","SM","32.00","32.75","32.00","31.35","32.75","-","1.40","4.47","2,000","0.01","70.00","23.60",5.91,"-42.48"
"FONEBOX","SM","64.50","64.50","64.50","66.50","64.50","-","-2.00","-3.01","1,000","0.01","124.40","57.00",3.91,"-30.73"
"AMBEY","ST","31.50","31.50","31.50","31.50","31.50","-","-","-","2,000","0.01","48.30","16.20",55.56,"-17.97"
"VR","SM","154.80","154.80","154.80","147.50","154.80","-","7.30","4.95","400","0.01","241.95","125.00",2.72,"-38.54"
"KAYTEX","SM","72.45","72.45","72.45","71.00","72.45","-","1.45","2.04","800","0.01","156.90","50.35",25,"-"
"ROXHITECH","ST","35.00","35.00","35.00","36.55","35.00","-","-1.55","-4.24","1,600","0.01","57.45","22.95",35.87,"-14.00"
"PARAMOUNT","SM","40.80","40.80","40.80","40.00","40.80","-","0.80","2.00","1,200","-","73.90","33.50",7.38,"-27.73"
"PULZ","SM","24.40","24.40","24.40","25.45","24.40","-","-1.05","-4.13","2,000","-","62.90","22.25",4.09,"-52.87"
"ABHAPOWER","SM","30.05","30.05","30.05","30.65","30.05","-","-0.60","-1.96","1,600","-","55.25","23.55",23.09,"-2.70"
"GIRIRAJ","ST","186.00","186.00","186.00","194.00","186.00","-","-8.00","-4.12","250","-","409.00","96.80",4.86,"-5.34"
"BABAFP","SM","28.50","28.50","28.50","28.50","28.50","-","-","-","1,600","-","44.95","20.30",21.79,"-33.02"
"THESL","SM","15.00","15.00","15.00","15.00","15.00","-","-","-","3,000","-","43.50","11.45",21.95,"-50.41"
"ZEAL","SM","72.45","72.45","72.45","70.90","72.45","-","1.55","2.19","600","-","165.80","55.90",8.41,"-52.00"
"KEN","SM","36.00","36.00","36.00","36.00","36.00","-","-","-","1,200","-","64.85","31.05",3,"-4.64"
"NIDAN","SM","13.95","14.35","13.95","13.95","14.35","-","0.40","2.87","3,000","-","24.90","12.75",0.36,"-28.46"
"KONSTELEC","ST","41.05","41.05","41.05","41.05","41.05","-","-","-","1,000","-","86.65","28.00",41.55,"-41.52"
"NMSTEEL","SM","23.45","23.45","23.45","23.45","23.45","-","-","-","1,600","-","39.15","17.40",14.39,"-14.57"
"SATIPOLY","SM","36.90","36.90","36.90","35.15","36.90","-","1.75","4.98","1,000","-","94.30","27.15",14.5,"-59.46"
"DEEM","SM","34.70","34.70","34.70","36.35","34.70","-","-1.65","-4.54","1,000","-","72.60","29.35",8.67,"-47.17"
"KLL","SM","41.25","41.25","41.25","41.45","41.25","-","-0.20","-0.48","800","-","96.80","31.50",19.97,"-49.39"
"BMETRICS","SM","40.00","40.00","40.00","40.05","40.00","-","-0.05","-0.12","800","-","56.90","34.10",-2.91,"-14.33"
"INDIFRA","SM","13.00","13.00","13.00","12.40","13.00","-","0.60","4.84","2,000","-","24.50","11.70",5.98,"-22.50"
"YUDIZ","ST","26.05","26.05","26.05","26.80","26.05","-","-0.75","-2.80","800","-","39.30","22.15",9.84,"-18.91"
"EMKAYTOOLS","SM","103.00","103.00","103.00","103.90","103.00","-","-0.90","-0.87","150","-","442.35","83.10",9.71,"-72.66"
"PERFECT","SZ","2.10","2.10","2.10","2.00","2.10","-","0.10","5.00","3,000","-","13.75","1.30",37.93,"-86.16"
"QUICKTOUCH","SM","-","-","-","26.50","26.50","-","-","-","-","-","72.00","25.00",-3.64,"-45.47"
"AMEYA","SM","-","-","-","114.45","114.45","-","-","-","-","-","127.25","86.00",17.99,"9.00"
"VERITAAS","SM","-","-","-","50.45","50.45","-","-","-","-","-","86.65","35.90",15.71,"-33.53"
"ELGNZ","SM","-","-","-","70.25","70.25","-","-","-","-","-","163.50","52.00",12.58,"-47.57"
"MARINETRAN","SM","-","-","-","18.50","18.50","-","-","-","-","-","28.20","13.30",14.2,"6.32"
"JEYYAM","SM","-","-","-","35.50","35.50","-","-","-","-","-","74.50","22.05",9.06,"-3.14"
"ACTIVEINFR","SM","-","-","-","170.00","170.00","-","-","-","-","-","190.00","170.00",0,"-0.06"
"ETML","SM","-","-","-","88.00","88.00","-","-","-","-","-","152.55","72.50",-5.38,"-17.76"
"CELLPOINT","SM","-","-","-","16.80","16.80","-","-","-","-","-","21.15","11.70",31.76,"-2.61"
"SWASTIK","ST","-","-","-","23.30","23.30","-","-","-","-","-","47.45","12.50",53.8,"-47.76"
"EMMIL","SM","-","-","-","153.75","153.75","-","-","-","-","-","243.50","110.00",23.49,"-29.36"
"BULKCORP","SM","-","-","-","46.00","46.00","-","-","-","-","-","94.60","43.25",1.32,"-13.53"
"SONAMAC","ST","-","-","-","39.95","39.95","-","-","-","-","-","101.00","27.10",25.24,"-60.39"
"CBAZAAR","SM","-","-","-","4.95","4.95","-","-","-","-","-","8.00","3.05",-1,"-20.16"
"REXPRO","SM","-","-","-","44.70","44.70","-","-","-","-","-","107.95","38.30",7.07,"-46.75"
"EPWINDIA","ST","-","-","-","146.05","-","-","-","-","-","-","158.50","98.00",23.88,"-"
"AATMAJ","SM","-","-","-","20.00","20.00","-","-","-","-","-","25.50","16.95",3.36,"-2.44"
"AUSL","SM","-","-","-","22.85","22.90","-","0.05","0.22","-","-","48.30","17.35",24.86,"-16.15"
"SELLOWRAP","SM","-","-","-","69.70","69.70","-","-","-","-","-","139.65","62.10",11.61,"-"
"CLASSICEIL","SM","-","-","-","52.10","52.10","-","-","-","-","-","113.90","34.75",34.45,"-"
"BIRDYS","ST","-","-","-","140.65","123.00","-","-17.65","-12.55","-","-","154.00","100.50",32.69,"35.89"
"GSTL","ST","-","-","-","27.10","27.10","-","-","-","-","-","37.65","5.95",33.5,"100.00"
"GSTL","ST","-","-","-","27.10","27.10","-","-","-","-","-","37.65","5.95",33.5,"100.00"
"DHTL","SM","-","-","-","44.10","44.10","-","-","-","-","-","125.20","36.90",8.89,"-12.59"
"MAKS","SM","-","-","-","26.00","26.00","-","-","-","-","-","36.00","25.20",-1.7,"-4.59"
"UNILEX","SM","-","-","-","27.25","27.25","-","-","-","-","-","50.00","20.05",6.86,"-42.57"
"CLSL","SM","-","-","-","43.50","43.50","-","-","-","-","-","62.80","39.45",-5.23,"-11.22"
"RAPIDFLEET","SM","-","-","-","170.00","170.00","-","-","-","-","-","229.00","158.00",3.66,"-17.81"
"INTEGRITY","SM","-","-","-","142.75","142.75","-","-","-","-","-","145.10","81.70",35.31,"-"
"CEDAAR","SM","-","-","-","31.80","31.80","-","-","-","-","-","136.30","18.85",53.25,"-"
"SHANTHALA","SM","-","-","-","27.20","27.20","-","-","-","-","-","46.90","21.50",-2.86,"7.30"
"VIVO","SM","-","-","-","76.00","76.00","-","-","-","-","-","81.70","62.00",0,"21.50"
"SHRIKANHA","ST","-","-","-","27.20","27.20","-","-","-","-","-","88.00","15.10",62.87,"-"
"AESTHETIK","SM","-","-","-","73.85","73.55","-","-0.30","-0.41","-","-","155.60","59.60",13.62,"-7.69"
"SHEEL","SM","-","-","-","44.40","44.40","-","-","-","-","-","95.55","37.80",8.29,"-"
"BOSS","SM","-","-","-","39.90","39.90","-","-","-","-","-","54.50","35.75",-0.25,"-25.14"
"PROLIFE","SM","-","-","-","61.95","61.95","-","-","-","-","-","181.00","56.05",5,"-65.77"
"PRANIK","SM","-","-","-","52.45","52.45","-","-","-","-","-","92.90","37.00",18.13,"-23.15"
"AGARWALFT","ST","-","-","-","37.90","37.90","-","-","-","-","-","71.25","21.85",43.83,"-28.56"
"MAYASHEEL","SM","-","-","-","60.40","60.40","-","-","-","-","-","85.00","40.05",17.74,"-"
"MANAV","ST","-","-","-","36.20","36.20","-","-","-","-","-","45.00","11.55",-4.74,"229.09"
"FALCONTECH","SM","-","-","-","13.80","13.95","-","0.15","1.09","-","-","23.38","9.93",4.94,"-53.22"
"VEEKAYEM","ST","-","-","-","140.70","140.70","-","-","-","-","-","318.00","79.80",10.7,"-42.57"
"PRECISION","SM","-","-","-","8.00","8.00","-","-","-","-","-","28.40","6.75",15.94,"-65.14"
"PROFX","SM","-","-","-","69.00","69.00","-","-","-","-","-","136.90","56.00",16.95,"-"
"KHFM","SM","-","-","-","50.05","50.65","-","0.60","1.20","-","-","90.50","45.00",-9.49,"-44.97"
"MRIL","SM","-","-","-","37.75","37.75","-","-","-","-","-","82.00","29.05",7.24,"-"
"INSPIRE","ST","-","-","-","11.15","11.15","-","-","-","-","-","26.00","6.80",42.04,"-57.03"
"VIAZ","SM","-","-","-","62.95","64.95","-","2.00","3.18","-","-","99.55","49.30",3.11,"10.44"
"JAINAM","SM","-","-","-","244.00","244.00","-","-","-","-","-","322.85","169.00",40.23,"1.67"
"SABAR","ST","-","-","-","4.90","4.90","-","-","-","-","-","9.55","3.80",-5.77,"-43.68"
"SIGNORIA","SM","-","-","-","64.30","64.30","-","-","-","-","-","135.60","53.10",16.91,"-5.44"
"KEL","SM","-","-","-","83.70","83.70","-","-","-","-","-","148.00","61.00",7.24,"-18.78"
"MAHICKRA","ST","-","-","-","233.70","233.70","-","-","-","-","-","241.50","109.00",8.95,"105.00"
"HVAX","SM","-","-","-","819.00","819.00","-","-","-","-","-","1,029.30","565.00",0.73,"28.98"
"MADHUSUDAN","SM","-","-","-","156.55","158.50","-","1.95","1.25","-","-","190.00","108.60",5.96,"-3.48"
"PARTYCRUS","SM","-","-","-","91.30","91.30","-","-","-","-","-","97.95","63.05",7.41,"-4.40"
"SAROJA","SM","-","-","-","33.00","33.00","-","-","-","-","-","60.00","28.00",12.24,"-16.77"
"MMEL","SM","-","-","-","39.85","39.85","-","-","-","-","-","84.45","20.00",53.56,"-"
"NEELAM","SM","-","-","-","12.80","12.80","-","-","-","-","-","29.90","10.10",20.75,"-55.48"
"MOXSH","ST","-","-","-","133.85","133.85","-","-","-","-","-","133.85","27.00",0,"394.82"
"YCCL","SM","-","-","-","11.25","11.25","-","-","-","-","-","14.90","9.15",11.94,"-22.41"
"MICROPRO","SM","-","-","-","19.90","19.90","-","-","-","-","-","28.50","15.15",13.39,"-17.08"
"GAJANAND","SM","-","-","-","8.90","8.90","-","-","-","-","-","16.85","6.25",23.61,"-30.47"
"SHRITECH","SM","-","-","-","63.50","63.50","-","-","-","-","-","95.50","51.35",9.01,"-20.77"
"WINNY","SM","-","-","-","49.50","49.50","-","-","-","-","-","190.00","36.10",21.18,"-70.54"
"VELS","SM","-","-","-","71.75","71.75","-","-","-","-","-","94.50","39.75",31.17,"-6.82"
"SATTVAENGG","SM","-","-","-","71.70","71.00","-","-0.70","-0.98","-","-","118.90","43.50",37.09,"-"
"GJL","ST","-","-","-","157.00","157.00","-","-","-","-","-","276.45","91.40",-13.76,"-"
"TIRUPATI","SM","-","-","-","465.40","465.50","-","0.10","0.02","-","-","893.00","405.65",9.51,"-31.29"
"QFIL","SM","-","-","-","39.90","39.90","-","-","-","-","-","85.75","38.00",5,"-47.33"
"SKP","SM","-","-","-","156.50","156.50","-","-","-","-","-","253.95","137.00",4.44,"-30.24"
"SYLVANPLY","SM","-","-","-","58.15","58.15","-","-","-","-","-","95.00","40.00",26.41,"-22.47"
"JIWANRAM","SM","-","-","-","5.45","5.45","-","-","-","-","-","11.80","4.35",0.93,"-29.22"
"PRITIKA","SM","-","-","-","69.50","69.50","-","-","-","-","-","95.25","44.05",25.23,"-5.44"
"PENTAGON","SM","-","-","-","67.85","67.85","-","-","-","-","-","99.50","50.55",23.36,"-4.57"
"MPTODAY","SM","-","-","-","44.00","44.00","-","-","-","-","-","56.80","31.70",-6.38,"38.80"
"UHTL","SM","-","-","-","51.80","51.80","-","-","-","-","-","98.00","44.00",10.21,"-15.01"
"DECCANTRAN","SM","-","-","-","21.50","21.50","-","-","-","-","-","48.90","16.25",14.36,"-56.17"
"SHUBHSHREE","SM","-","-","-","329.70","329.70","-","-","-","-","-","494.95","274.00",9.92,"-14.81"
"PPSL","ST","-","-","-","7.30","7.30","-","-","-","-","-","30.00","5.05",21.67,"-74.02"
"BALCO","ST","-","-","-","21.75","21.75","-","-","-","-","-","38.15","13.40",47.96,"-36.96"
"SERVICE","ST","-","-","-","56.50","56.50","-","-","-","-","-","65.00","39.20",8.13,"-10.39"
"DIRL","SM","-","-","-","12.30","12.30","-","-","-","-","-","34.00","8.90",4.24,"-"
"REXPIPES","SM","-","-","-","202.00","202.00","-","-","-","-","-","208.00","65.00",0,"225.28"
"DIVYADHAN","ST","-","-","-","36.35","36.35","-","-","-","-","-","62.40","18.25",72.27,"-15.95"
"ASCOM","ST","-","-","-","262.80","262.80","-","-","-","-","-","285.00","76.55",16.8,"165.99"
"ESFL","ST","-","-","-","132.55","132.55","-","-","-","-","-","562.00","109.95",9.09,"-75.83"
"UWCSL","SM","-","-","-","97.05","97.05","-","-","-","-","-","159.85","93.05",4.3,"-36.19"
"QUADPRO","SM","-","-","-","1.95","1.95","-","-","-","-","-","4.65","1.85",2.63,"-46.58"
"IPSL","SM","-","-","-","217.45","217.45","-","-","-","-","-","385.00","172.05",-0.25,"-34.17"
"REFRACTORY","SM","-","-","-","40.15","40.15","-","-","-","-","-","72.50","28.65",27.26,"-42.02"
"ACETEC","SM","-","-","-","129.00","129.00","-","-","-","-","-","164.00","111.80",-4.41,"-"
"STRIDERS","SM","-","-","-","69.95","69.75","-","-0.20","-0.29","-","-","82.00","54.20",9.3,"-"
"CMRSL","SM","-","-","-","73.00","73.00","-","-","-","-","-","96.75","52.45",26.3,"-19.74"
"FROG","SM","-","-","-","163.10","162.60","-","-0.50","-0.31","-","-","290.00","123.50",10.95,"-36.88"
"GRETEX","ST","-","-","-","289.00","289.00","-","-","-","-","-","301.00","180.50",-3.54,"22.46"
"AMBANIORGO","ST","-","-","-","137.95","137.95","-","-","-","-","-","143.65","94.90",6.2,"31.38"
"SAMAY","SM","-","-","-","41.50","41.50","-","-","-","-","-","51.30","28.50",41.88,"-"
"ROYALARC","SM","-","-","-","165.00","165.00","-","-","-","-","-","185.00","126.50",4.96,"0.70"
"CPS","SM","-","-","-","950.10","950.10","-","-","-","-","-","1,349.25","660.00",2.05,"35.66"
"MONOPHARMA","SM","-","-","-","12.60","12.60","-","-","-","-","-","28.25","9.45",9.57,"-47.06"
"PLADAINFO","SM","-","-","-","11.25","11.25","-","-","-","-","-","27.75","9.10",17.19,"-39.19"
"JETKNIT","ST","-","-","-","89.20","89.20","-","-","-","-","-","109.95","89.20",0,"-18.91"
"AGUL","SM","-","-","-","56.85","56.85","-","-","-","-","-","86.00","37.30",-17.97,"37.65"
"UMA","SM","-","-","-","20.50","20.50","-","-","-","-","-","31.80","14.50",23.49,"-28.07"
"MEDIORG","SM","-","-","-","29.20","29.20","-","-","-","-","-","49.70","20.05",25.59,"0.86"
"DESTINY","SM","-","-","-","105.90","105.90","-","-","-","-","-","143.00","74.80",-14.22,"21.03"
"TRIDHYA","SM","-","-","-","9.85","9.85","-","-","-","-","-","26.40","6.30",29.61,"-59.80"
"SYNOPTICS","SM","-","-","-","58.45","58.45","-","-","-","-","-","112.35","39.65",42.39,"-33.28"
"GRAPHISAD","ST","-","-","-","35.30","35.30","-","-","-","-","-","52.80","29.25",9.46,"-15.95"
"ITTL","ST","-","-","-","94.65","94.65","-","-","-","-","-","152.40","51.10",-6.52,"88.92"
"DOLLEX","SM","-","-","-","30.40","30.40","-","-","-","-","-","44.25","26.00",-2.88,"-21.65"
"PARAMPARA","ST","-","-","-","11.00","11.00","-","-","-","-","-","12.00","5.75",-3.93,"-"
"USASEEDS","SM","-","-","-","108.95","108.95","-","-","-","-","-","220.08","90.00",15.29,"-28.79"
"INM","SM","-","-","-","165.15","170.00","-","4.85","2.94","-","-","344.50","152.25",-8.25,"-65.06"
"DTL","SM","-","-","-","115.00","115.00","-","-","-","-","-","178.00","82.05",23.66,"-15.44"
"VERTEXPLUS","SM","-","-","-","85.00","85.00","-","-","-","-","-","149.80","77.75",-1.28,"-9.38"
"QMSMEDI","SM","-","-","-","92.90","92.90","-","-","-","-","-","110.50","68.95",29.03,"6.54"
"SPUNWEB","SM","-","-","-","127.45","127.45","-","-","-","-","-","173.55","80.00",20.58,"-"
"ISHAN","ST","-","-","-","0.70","0.70","-","-","-","-","-","1.15","0.50",7.69,"-44.00"
"JAKHARIA","ST","-","-","-","60.50","60.50","-","-","-","-","-","60.70","26.67",0,"-21.94"
"BIKEWO","SM","-","-","-","24.55","24.55","-","-","-","-","-","25.75","13.65",35.64,"36.01"
"SPPPOLY","SM","-","-","-","14.15","14.15","-","-","-","-","-","19.30","10.30",22.51,"-21.39"
"GOLDSTAR","ST","-","-","-","7.05","7.05","-","-","-","-","-","11.05","4.50",17.5,"-28.79"
"KARNIKA","SM","-","-","-","129.00","129.00","-","-","-","-","-","224.95","104.55",10.87,"-78.67"
"MAL","SM","-","-","-","39.60","39.60","-","-","-","-","-","80.20","28.15",21.1,"33.33"
"SCML","SM","-","-","-","139.00","139.00","-","-","-","-","-","159.50","68.05",-5.28,"41.84"
"SIDDHICOTS","ST","-","-","-","30.60","30.50","-","-0.10","-0.33","-","-","86.40","26.70",0.33,"-"
"PATTECH","SM","-","-","-","111.30","111.30","-","-","-","-","-","160.00","72.20",17.53,"44.26"
"SFML","SM","-","-","-","23.15","23.15","-","-","-","-","-","43.50","16.50",10.77,"-39.71"
"SHKSIL","SM","-","-","-","42.95","42.95","-","-","-","-","-","84.00","38.00",4.12,"-"
"BAGDIGITAL","SM","-","-","-","111.75","111.50","-","-0.25","-0.22","-","-","139.00","95.75",2.38,"-"
"MEGAFLEX","ST","-","-","-","145.00","145.00","-","-","-","-","-","155.05","43.50",-4.13,"126.56"
"ENSER","ST","-","-","-","15.45","15.65","-","0.20","1.29","-","-","23.25","7.80",33.77,"-21.17"
"SHREEOSFM","SM","-","-","-","70.05","70.05","-","-","-","-","-","125.00","65.00",-6.29,"-38.12"
"GLOBALPET","SM","-","-","-","117.75","117.75","-","-","-","-","-","159.70","85.00",27.02,"0.43"
"RAJPUTANA","SM","-","-","-","240.20","240.20","-","-","-","-","-","299.00","200.00",15.7,"0.69"
"JALAN","SM","-","-","-","1.80","1.80","-","-","-","-","-","11.60","1.65",2.86,"-84.75"
"PREMIUM","SM","-","-","-","37.20","37.20","-","-","-","-","-","44.25","26.05",8.61,"24.83"
"MARCO","SM","-","-","-","39.00","38.50","-","-0.50","-1.28","-","-","50.00","26.60",18,"-2.50"
"TEJASCARGO","SM","-","-","-","353.00","353.00","-","-","-","-","-","363.60","158.00",23.66,"118.71"
"WOL3D","SM","-","-","-","162.60","162.60","-","-","-","-","-","209.95","106.65",30.39,"11.18"
"IDEALTECHO","SM","-","-","-","187.45","187.45","-","-","-","-","-","259.80","121.00",-9.62,"39.94"
"ALCODIS","ST","-","-","-","82.50","82.50","-","-","-","-","-","208.50","49.00",41.15,"-"
"SHIGAN","ST","-","-","-","72.70","72.70","-","-","-","-","-","95.00","41.20",40.89,"-3.32"
"NEPTUNE","ST","-","-","-","200.00","200.00","-","-","-","-","-","246.90","126.30",8.7,"-"
"DRSDILIP","ST","-","-","-","113.55","113.55","-","-","-","-","-","119.50","52.25",-4.98,"7.12"
"TRUST","SM","-","-","-","39.05","40.00","-","0.95","2.43","-","-","94.10","27.90",23.97,"-50.25"
"BHADORA","SM","-","-","-","72.60","72.80","-","0.20","0.28","-","-","128.85","49.50",22.53,"-"
"PROV","SM","-","-","-","1,370.00","1,370.00","-","-","-","-","-","1,395.00","815.10",16.6,"19.13"
"VISHNUINFR","SM","-","-","-","149.95","149.95","-","-","-","-","-","218.90","125.20",14.03,"-19.12"
"SANGANI","SM","-","-","-","52.50","52.50","-","-","-","-","-","77.00","37.00",34.62,"-25.95"
"ASHALOG","SM","-","-","-","66.05","64.30","-","-1.75","-2.65","-","-","92.60","50.00",5.01,"-14.44"
"ARIHANTACA","SM","-","-","-","480.00","480.00","-","-","-","-","-","555.00","250.00",-3.03,"84.62"
"PRLIND","SM","-","-","-","66.95","66.95","-","-","-","-","-","114.00","44.80",26.32,"-24.61"
"PARAMATRIX","SM","-","-","-","69.00","69.00","-","-","-","-","-","106.00","56.50",11.29,"-26.08"
"RCDL","SM","-","-","-","22.05","22.05","-","-","-","-","-","30.85","16.50",3.52,"5.50"
"AARADHYA","SM","-","-","-","105.00","105.00","-","-","-","-","-","182.00","79.60",5,"-"
"SUNREST","SM","-","-","-","36.25","36.25","-","-","-","-","-","54.46","26.38",-3.33,"-34.09"
"DKEGL","SM","-","-","-","78.50","78.50","-","-","-","-","-","89.60","60.50",24.6,"17.16"
"VDEAL","SM","-","-","-","188.95","190.00","-","1.05","0.56","-","-","260.00","122.45",-3.05,"42.07"
"TAPIFRUIT","SM","-","-","-","60.00","60.00","-","-","-","-","-","104.80","54.90",1.87,"-36.14"
"SHUBHLAXMI","SM","-","-","-","23.60","23.60","-","-","-","-","-","40.00","13.35",-1.05,"40.06"
"AUROIMPEX","SM","-","-","-","34.00","34.00","-","-","-","-","-","60.00","21.25",30.77,"-33.20"
"ETL","SM","-","-","-","960.00","960.00","-","-","-","-","-","1,235.00","721.10",5.49,"-"
"PSFL","SM","-","-","-","31.00","31.00","-","-","-","-","-","57.65","21.15",27.84,"-40.50"
"OMFURN","ST","-","-","-","63.95","63.95","-","-","-","-","-","140.00","38.00",59.88,"-38.83"
"ARABIAN","SM","-","-","-","69.75","69.75","-","-","-","-","-","92.95","63.20",4.18,"-5.68"
"MANDEEP","SM","-","-","-","22.90","22.90","-","-","-","-","-","31.90","17.25",21.49,"-10.02"
"GREENCHEF","SM","-","-","-","49.00","49.00","-","-","-","-","-","74.05","40.40",4.14,"-24.62"
"SOCL","ST","-","-","-","31.25","31.95","-","0.70","2.24","-","-","68.80","23.65",17.26,"-"
"ZENITHDRUG","SM","-","-","-","39.65","39.65","-","-","-","-","-","84.65","33.30",-0.75,"-51.56"
"AMCL","SM","-","-","-","483.50","482.00","-","-1.50","-0.31","-","-","529.90","161.70",13.23,"-"
"AMIABLE","SM","-","-","-","72.50","72.50","-","-","-","-","-","98.50","54.00",3.57,"-9.49"
"WINSOL","SM","-","-","-","137.85","139.00","-","1.15","0.83","-","-","272.00","93.50",31.04,"-30.36"
"FORGEAUTO","SM","-","-","-","92.90","92.90","-","-","-","-","-","175.50","68.45",29.21,"20.65"